"","sender","subject","time"
"1","교보문고","(광고) [톡톡편지] 채점만 하지 말고 '왜'라는 질문을 해주세요","08:06"
"2","인크루트 테마공채","최용호님, 하나투어 외 인턴 채용정보 확인하세요!","02:45"
"3","인크루트 신입공채","최용호님, 한국전력공사 / 한국수자원공사 등 오늘의 신입공채 속보!","07-03 22:03"
"4","Facebook","<U+0001F4C4> Veronika Wilde shared Шагни в Корею's post","07-03 19:02"
"5","해커스어학원","(광고) 점수 올르는 해커스 빡센 시스템으로 SAT 끝내자!","07-03 16:19"
"6","핫트랙스","(광고) ★SNS 화제의 화장실 클리너 9,900원 / ★특허받은 에어프라이어 조리용기 9,900원 / ★토이스토리 컬렉션 엽서북 1만원+무배","07-03 10:05"
"7","Hotels.com","<U+2714> Drop everything! We mean it: get up to 1/2 off!","07-03 09:18"
"8","인크루트 테마공채","최용호님, 대한무역투자진흥공사 외 마감임박 채용정보 놓치지 마세요!","07-03 02:47"
"9","Evernote Team","Evernote에서 공유하는 여러 가지 방법","07-03 02:46"
"10","DataCamp","Your Data Science Progress Report <U+0001F4CA>","07-02 23:54"
"11","인크루트 신입공채","최용호님, 셀트리온 / 한국도로공사 등 오늘의 신입공채 속보!","07-02 22:20"
"12","인터넷교보문고","(광고) 7월 특별선물! 너구리랑 여우랑 숄더백+와펜 SET","07-02 09:33"
"13","인터넷교보문고","(광고) ★팝의 여왕은 오직 '마돈나'★ 세상 빠른 헤어드라이기, 바쁜 아침에 5분 소듕해! ~56%할인+무료배송!","07-02 07:47"
"14","한빛출판네트워크","[한빛출판네트워크] 홈페이지 이용자 만족도 설문조사","07-02 06:49"
"15","한빛출판네트워크","[한빛출판네트워크] 홈페이지 이용자 만족도 설문조사","07-02 04:58"
